State,Abbreviation,Total SMHA Mental Health Expenditures
Alabama,AL,"$360,732,776"
Alaska,AK,"$226,511,776"
Arizona,AZ,"$1,455,600,000"
Arkansas,AR,"$127,217,599"
California,CA,"$6,762,808,997"
Colorado,CO,"$648,479,958"
Connecticut,CT,"$803,000,000"
Delaware,DE,"$88,264,967"
District of Columbia,DC,"$219,702,718"
Florida,FL,"$714,700,000"
Georgia,GA,"$603,383,638"
Hawaii,HI,"$188,065,000"
Idaho,ID,"$59,200,000"
Illinois,IL,"$857,000,000"
Indiana,IN,"$486,473,000"
Iowa,IA,"$479,100,000"
Kansas,KS,"$357,600,000"
Kentucky,KY,"$259,400,000"
Louisiana,LA,"$223,716,000"
Maine,ME,"$481,988,765"
Maryland,MD,"$1,138,600,000"
Massachusetts,MA,"$763,400,000"
Michigan,MI,"$1,232,600,000"
Minnesota,MN,"$1,064,081,317"
Mississippi,MS,"$294,723,000"
Missouri,MO,"$628,392,273"
Montana,MT,"$229,826,586"
Nebraska,NE,"$140,149,583"
Nevada,NV,"$255,700,000"
New Hampshire,NH,"$195,443,878"
New Jersey,NJ,"$1,902,860,000"
New Mexico,NM,"$300,796,588"
New York,NY,"$4,952,100,000"
North Carolina,NC,"$989,552,016"
North Dakota,ND,"$69,014,123"
Ohio,OH,"$1,121,200,000"
Oklahoma,OK,"$228,730,000"
Oregon,OR,"$931,800,000"
Pennsylvania,PA,"$3,664,900,000"
Rhode Island,RI,"$111,123,514"
South Carolina,SC,"$275,400,000"
South Dakota,SD,"$73,724,628"
Tennessee,TN,"$619,200,000"
Texas,TX,"$1,213,500,000"
Utah,UT,"$213,200,000"
Vermont,VT,"$203,000,000"
Virginia,VA,"$764,300,000"
Washington,WA,"$900,300,000"
West Virginia,WV,"$170,800,000"
Wisconsin,WI,"$644,800,000"
Wyoming,WY,"$63,076,534"