States,States Name,States - RegionId,Indicator,Indicator Name,Scale,Units,2020
01,Alabama,US_AL,KN.N1,Per Capita Public Health Funding,units,dollars,46.81
02,Alaska,US_AK,KN.N1,Per Capita Public Health Funding,units,dollars,215.15
04,Arizona,US_AZ,KN.N1,Per Capita Public Health Funding,units,dollars,24.34
05,Arkansas,US_AR,KN.N1,Per Capita Public Health Funding,units,dollars,45.9
06,California,US_CA,KN.N1,Per Capita Public Health Funding,units,dollars,69.87
08,Colorado,US_CO,KN.N1,Per Capita Public Health Funding,units,dollars,55.3
09,Connecticut,US_CT,KN.N1,Per Capita Public Health Funding,units,dollars,35.01
10,Delaware,US_DE,KN.N1,Per Capita Public Health Funding,units,dollars,36.77
11,Dist. of Columbia,US_DC,KN.N1,Per Capita Public Health Funding,units,dollars,364.53
12,Florida,US_FL,KN.N1,Per Capita Public Health Funding,units,dollars,19.59
13,Georgia,US_GA,KN.N1,Per Capita Public Health Funding,units,dollars,27.78
15,Hawaii,US_HI,KN.N1,Per Capita Public Health Funding,units,dollars,125.62
16,Idaho,US_ID,KN.N1,Per Capita Public Health Funding,units,dollars,84.95
17,Illinois,US_IL,KN.N1,Per Capita Public Health Funding,units,dollars,32.53
18,Indiana,US_IN,KN.N1,Per Capita Public Health Funding,units,dollars,15
19,Iowa,US_IA,KN.N1,Per Capita Public Health Funding,units,dollars,85.37
20,Kansas,US_KS,KN.N1,Per Capita Public Health Funding,units,dollars,14.73
21,Kentucky,US_KY,KN.N1,Per Capita Public Health Funding,units,dollars,35.89
22,Louisiana,US_LA,KN.N1,Per Capita Public Health Funding,units,dollars,25.58
23,Maine,US_ME,KN.N1,Per Capita Public Health Funding,units,dollars,33.82
24,Maryland,US_MD,KN.N1,Per Capita Public Health Funding,units,dollars,45.07
25,Massachusetts,US_MA,KN.N1,Per Capita Public Health Funding,units,dollars,86.76
26,Michigan,US_MI,KN.N1,Per Capita Public Health Funding,units,dollars,17.3
27,Minnesota,US_MN,KN.N1,Per Capita Public Health Funding,units,dollars,106.83
28,Mississippi,US_MS,KN.N1,Per Capita Public Health Funding,units,dollars,15.9
29,Missouri,US_MO,KN.N1,Per Capita Public Health Funding,units,dollars,7.06
30,Montana,US_MT,KN.N1,Per Capita Public Health Funding,units,dollars,18.91
31,Nebraska,US_NE,KN.N1,Per Capita Public Health Funding,units,dollars,40.9
32,Nevada,US_NV,KN.N1,Per Capita Public Health Funding,units,dollars,12.19
33,New Hampshire,US_NH,KN.N1,Per Capita Public Health Funding,units,dollars,23.61
34,New Jersey,US_NJ,KN.N1,Per Capita Public Health Funding,units,dollars,31.25
35,New Mexico,US_NM,KN.N1,Per Capita Public Health Funding,units,dollars,151.15
36,New York,US_NY,KN.N1,Per Capita Public Health Funding,units,dollars,84.87
37,North Carolina,US_NC,KN.N1,Per Capita Public Health Funding,units,dollars,15.05
38,North Dakota,US_ND,KN.N1,Per Capita Public Health Funding,units,dollars,61.44
39,Ohio,US_OH,KN.N1,Per Capita Public Health Funding,units,dollars,15.8
40,Oklahoma,US_OK,KN.N1,Per Capita Public Health Funding,units,dollars,55.89
41,Oregon,US_OR,KN.N1,Per Capita Public Health Funding,units,dollars,35.11
42,Pennsylvania,US_PA,KN.N1,Per Capita Public Health Funding,units,dollars,14.99
44,Rhode Island,US_RI,KN.N1,Per Capita Public Health Funding,units,dollars,59.16
45,South Carolina,US_SC,KN.N1,Per Capita Public Health Funding,units,dollars,27.51
46,South Dakota,US_SD,KN.N1,Per Capita Public Health Funding,units,dollars,36.04
47,Tennessee,US_TN,KN.N1,Per Capita Public Health Funding,units,dollars,55.38
48,Texas,US_TX,KN.N1,Per Capita Public Health Funding,units,dollars,20.41
49,Utah,US_UT,KN.N1,Per Capita Public Health Funding,units,dollars,35.46
50,Vermont,US_VT,KN.N1,Per Capita Public Health Funding,units,dollars,52.61
51,Virginia,US_VA,KN.N1,Per Capita Public Health Funding,units,dollars,36.26
53,Washington,US_WA,KN.N1,Per Capita Public Health Funding,units,dollars,47.95
54,West Virginia,US_WV,KN.N1,Per Capita Public Health Funding,units,dollars,62.83
55,Wisconsin,US_WI,KN.N1,Per Capita Public Health Funding,units,dollars,17.67
56,Wyoming,US_WY,KN.N1,Per Capita Public Health Funding,units,dollars,28.74
,,,,,,,
Source:,"State Health Access Data Assistance Center, University of Minnesota",,,,,,
Download URL:,http://public.knoema.com/umgargg/per-capita-public-health-funding-in-u-s-states,,,,,,