﻿"State","recidivismRate"
"Delaware","64.5000"
"Alaska","63.2000"
"Arkansas","57"
"Colorado","50"
"Rhode Island","50"
"New Mexico","49.1000"
"Kentucky","46.4000"
"North Dakota","46"
"Pennsylvania","46"
"New Hampshire","45"
"Vermont","45"
"Missouri","43"
"New York","43"
"Montana","42.2000"
"Maryland","40.5000"
"South Dakota","40"
"Illinois","39.9000"
"Arizona","39.8000"
"Wisconsin","38"
"Connecticut","37"
"Kansas","36"
"North Carolina","35.8000"
"Iowa","34.2000"
"Indiana","34"
"Mississippi","33"
"Louisiana","32"
"Massachusetts","32"
"Washington","32"
"Alabama","31.5000"
"Idaho","31"
"Maine","31"
"Ohio","30.7000"
"New Jersey","30"
"Nevada","28.6000"
"Michigan","28"
"Wyoming","28"
"Nebraska","25.5000"
"Minnesota","25"
"Oklahoma","25"
"Florida","24.5000"
"South Carolina","24.5000"
"West Virginia","24"
"Virginia","23.4000"
"California",""
"Georgia",""
"Hawaii",""
"Oregon",""
"Tennessee",""
"Texas",""
"Utah",""